Resource,Reference,Previous Context,Result,Next Context,Lemma (Greek),Louw-Nida,Root,Part of Speech,Adverb/particle Type (Logos Greek)
NA28,Matthew 3:1,Ἐν δὲ ταῖς ἡμέραις,ἐκείναις,παραγίνεται Ἰωάννης ὁ βαπτιστὴς κηρύσσων ἐν τῇ ἐρήμῳ τῆς Ἰουδαίας,ἐκεῖνος,Louw Nida 92.30,εκει,pronoun,—
NA28,Matthew 7:22,πολλοὶ ἐροῦσίν μοι ἐν,ἐκείνῃ,"τῇ ἡμέρᾳ· κύριε κύριε, οὐ τῷ σῷ ὀνόματι ἐπροφητεύσαμεν, καὶ τῷ σῷ ὀνόματι",ἐκεῖνος,Louw Nida 92.30,εκει,pronoun,—
NA28,Matthew 7:25,καὶ κατέβη ἡ βροχὴ καὶ ἦλθον οἱ ποταμοὶ καὶ ἔπνευσαν οἱ ἄνεμοι καὶ προσέπεσαν τῇ οἰκίᾳ,ἐκείνῃ,"καὶ οὐκ ἔπεσεν, τεθεμελίωτο γὰρ ἐπὶ τὴν πέτραν.",ἐκεῖνος,Louw Nida 92.30,εκει,pronoun,—
NA28,Matthew 7:27,καὶ κατέβη ἡ βροχὴ καὶ ἦλθον οἱ ποταμοὶ καὶ ἔπνευσαν οἱ ἄνεμοι καὶ προσέκοψαν τῇ οἰκίᾳ,ἐκείνῃ,", καὶ ἔπεσεν καὶ ἦν ἡ πτῶσις αὐτῆς μεγάλη.",ἐκεῖνος,Louw Nida 92.30,εκει,pronoun,—
NA28,Matthew 8:13,ὡς ἐπίστευσας γενηθήτω σοι. καὶ ἰάθη ὁ παῖς [αὐτοῦ] ἐν τῇ ὥρᾳ,ἐκείνῃ,.,ἐκεῖνος,Louw Nida 92.30,εκει,pronoun,—
NA28,Matthew 8:28,"μνημείων ἐξερχόμενοι, χαλεποὶ λίαν, ὥστε μὴ ἰσχύειν τινὰ παρελθεῖν διὰ τῆς ὁδοῦ",ἐκείνης,.,ἐκεῖνος,Louw Nida 92.30,εκει,pronoun,—
NA28,Matthew 9:22,ἡ πίστις σου σέσωκέν σε. καὶ ἐσώθη ἡ γυνὴ ἀπὸ τῆς ὥρας,ἐκείνης,.,ἐκεῖνος,Louw Nida 92.30,εκει,pronoun,—
NA28,Matthew 9:26,καὶ ἐξῆλθεν ἡ φήμη αὕτη εἰς ὅλην τὴν γῆν,ἐκείνην,.,ἐκεῖνος,Louw Nida 92.30,εκει,pronoun,—
NA28,Matthew 9:31,οἱ δὲ ἐξελθόντες διεφήμισαν αὐτὸν ἐν ὅλῃ τῇ γῇ,ἐκείνῃ,.,ἐκεῖνος,Louw Nida 92.30,εκει,pronoun,—
NA28,Matthew 10:14,"καὶ ὃς ἂν μὴ δέξηται ὑμᾶς μηδὲ ἀκούσῃ τοὺς λόγους ὑμῶν, ἐξερχόμενοι ἔξω τῆς οἰκίας ἢ τῆς πόλεως",ἐκείνης,ἐκτινάξατε τὸν κονιορτὸν  τῶν ποδῶν ὑμῶν.,ἐκεῖνος,Louw Nida 92.30,εκει,pronoun,—
NA28,Matthew 10:15,"ἀμὴν λέγω ὑμῖν, ἀνεκτότερον ἔσται γῇ Σοδόμων καὶ Γομόρρων ἐν ἡμέρᾳ κρίσεως ἢ τῇ πόλει",ἐκείνῃ,.,ἐκεῖνος,Louw Nida 92.30,εκει,pronoun,—
NA28,Matthew 10:19,"ὅταν δὲ παραδῶσιν ὑμᾶς, μὴ μεριμνήσητε πῶς ἢ τί λαλήσητε· δοθήσεται γὰρ ὑμῖν ἐν",ἐκείνῃ,τῇ ὥρᾳ τί λαλήσητε·,ἐκεῖνος,Louw Nida 92.30,εκει,pronoun,—
NA28,Matthew 11:25,Ἐν,ἐκείνῳ,"τῷ καιρῷ ἀποκριθεὶς ὁ Ἰησοῦς εἶπεν· ἐξομολογοῦμαί σοι, πάτερ, κύριε τοῦ οὐρανοῦ καὶ",ἐκεῖνος,Louw Nida 92.30,εκει,pronoun,—
NA28,Matthew 12:1,Ἐν,ἐκείνῳ,τῷ καιρῷ ἐπορεύθη ὁ Ἰησοῦς  τοῖς σάββασιν διὰ τῶν σπορίμων· οἱ δὲ μαθηταὶ,ἐκεῖνος,Louw Nida 92.30,εκει,pronoun,—
NA28,Matthew 12:45,πονηρότερα ἑαυτοῦ καὶ εἰσελθόντα κατοικεῖ ἐκεῖ· καὶ γίνεται τὰ ἔσχατα τοῦ ἀνθρώπου,ἐκείνου,χείρονα τῶν πρώτων. οὕτως ἔσται καὶ τῇ γενεᾷ ταύτῃ τῇ πονηρᾷ.,ἐκεῖνος,Louw Nida 92.30,εκει,pronoun,—
NA28,Matthew 13:1,Ἐν  τῇ ἡμέρᾳ,ἐκείνῃ,ἐξελθὼν ὁ Ἰησοῦς τῆς οἰκίας ἐκάθητο παρὰ τὴν θάλασσαν·,ἐκεῖνος,Louw Nida 92.30,εκει,pronoun,—
NA28,Matthew 13:11,"ὁ δὲ ἀποκριθεὶς εἶπεν αὐτοῖς· ὅτι ὑμῖν δέδοται γνῶναι τὰ μυστήρια τῆς βασιλείας τῶν οὐρανῶν,",ἐκείνοις,δὲ οὐ δέδοται.,ἐκεῖνος,Louw Nida 92.30,εκει,pronoun,—
NA28,Matthew 13:44,χαρᾶς αὐτοῦ ὑπάγει καὶ πωλεῖ πάντα ὅσα ἔχει καὶ ἀγοράζει τὸν ἀγρὸν,ἐκεῖνον,.,ἐκεῖνος,Louw Nida 92.30,εκει,pronoun,—
NA28,Matthew 14:1,Ἐν,ἐκείνῳ,"τῷ καιρῷ ἤκουσεν Ἡρῴδης ὁ τετραάρχης τὴν ἀκοὴν Ἰησοῦ,",ἐκεῖνος,Louw Nida 92.30,εκει,pronoun,—
NA28,Matthew 14:35,καὶ ἐπιγνόντες αὐτὸν οἱ ἄνδρες τοῦ τόπου,ἐκείνου,ἀπέστειλαν εἰς ὅλην τὴν περίχωρον ἐκείνην καὶ προσήνεγκαν αὐτῷ πάντας τοὺς κακῶς ἔχοντας,ἐκεῖνος,Louw Nida 92.30,εκει,pronoun,—
NA28,Matthew 14:35,καὶ ἐπιγνόντες αὐτὸν οἱ ἄνδρες τοῦ τόπου ἐκείνου ἀπέστειλαν εἰς ὅλην τὴν περίχωρον,ἐκείνην,καὶ προσήνεγκαν αὐτῷ πάντας τοὺς κακῶς ἔχοντας,ἐκεῖνος,Louw Nida 92.30,εκει,pronoun,—
NA28,Matthew 15:22,καὶ ἰδοὺ γυνὴ Χαναναία ἀπὸ τῶν ὁρίων,ἐκείνων,"ἐξελθοῦσα ἔκραζεν  λέγουσα· ἐλέησόν με, κύριε υἱὸς Δαυίδ· ἡ θυγάτηρ μου κακῶς δαιμονίζεται.",ἐκεῖνος,Louw Nida 92.30,εκει,pronoun,—
NA28,Matthew 15:28,γενηθήτω σοι ὡς θέλεις. καὶ ἰάθη ἡ θυγάτηρ αὐτῆς ἀπὸ τῆς ὥρας,ἐκείνης,.,ἐκεῖνος,Louw Nida 92.30,εκει,pronoun,—
NA28,Matthew 17:18,καὶ ἐπετίμησεν αὐτῷ ὁ Ἰησοῦς καὶ ἐξῆλθεν ἀπʼ αὐτοῦ τὸ δαιμόνιον καὶ ἐθεραπεύθη ὁ παῖς ἀπὸ τῆς ὥρας,ἐκείνης,.,ἐκεῖνος,Louw Nida 92.30,εκει,pronoun,—
NA28,Matthew 17:27,"τὸν ἀναβάντα πρῶτον ἰχθὺν ἆρον, καὶ ἀνοίξας τὸ στόμα αὐτοῦ εὑρήσεις  στατῆρα·",ἐκεῖνον,λαβὼν δὸς αὐτοῖς ἀντὶ ἐμοῦ καὶ σοῦ.,ἐκεῖνος,Louw Nida 92.30,εκει,pronoun,—
NA28,Matthew 18:1,Ἐν,ἐκείνῃ,τῇ ὥρᾳ προσῆλθον οἱ μαθηταὶ τῷ Ἰησοῦ λέγοντες· τίς ἄρα μείζων ἐστὶν ἐν τῇ βασιλείᾳ τῶν οὐρανῶν;,ἐκεῖνος,Louw Nida 92.30,εκει,pronoun,—
NA28,Matthew 18:27,Σπλαγχνισθεὶς δὲ ὁ κύριος τοῦ δούλου,ἐκείνου,ἀπέλυσεν αὐτὸν καὶ τὸ δάνειον ἀφῆκεν αὐτῷ.,ἐκεῖνος,Louw Nida 92.30,εκει,pronoun,—
NA28,Matthew 18:28,ἐξελθὼν δὲ ὁ δοῦλος,ἐκεῖνος,"εὗρεν ἕνα τῶν συνδούλων αὐτοῦ, ὃς ὤφειλεν αὐτῷ ἑκατὸν δηνάρια, καὶ κρατήσας αὐτὸν",ἐκεῖνος,Louw Nida 92.30,εκει,pronoun,—
NA28,Matthew 18:32,"Τότε προσκαλεσάμενος αὐτὸν ὁ κύριος αὐτοῦ λέγει αὐτῷ· δοῦλε πονηρέ, πᾶσαν τὴν ὀφειλὴν",ἐκείνην,"ἀφῆκά σοι, ἐπεὶ παρεκάλεσάς με·",ἐκεῖνος,Louw Nida 92.30,εκει,pronoun,—
NA28,Matthew 20:4,καὶ,ἐκείνοις,"εἶπεν· ὑπάγετε καὶ ὑμεῖς εἰς τὸν ἀμπελῶνα , καὶ ὃ ἐὰν ᾖ δίκαιον δώσω ὑμῖν.",ἐκεῖνος,Louw Nida 92.30,εκει,pronoun,—
NA28,Matthew 21:40,"ὅταν οὖν ἔλθῃ ὁ κύριος τοῦ ἀμπελῶνος, τί ποιήσει τοῖς γεωργοῖς",ἐκείνοις,;,ἐκεῖνος,Louw Nida 92.30,εκει,pronoun,—
NA28,Matthew 22:7,ὁ δὲ βασιλεὺς ὠργίσθη καὶ πέμψας τὰ στρατεύματα αὐτοῦ ἀπώλεσεν τοὺς φονεῖς,ἐκείνους,καὶ τὴν πόλιν αὐτῶν ἐνέπρησεν.,ἐκεῖνος,Louw Nida 92.30,εκει,pronoun,—
NA28,Matthew 22:10,καὶ ἐξελθόντες οἱ δοῦλοι,ἐκεῖνοι,"εἰς τὰς ὁδοὺς συνήγαγον πάντας οὓς εὗρον, πονηρούς τε καὶ ἀγαθούς· καὶ ἐπλήσθη ὁ γάμος  ἀνακειμένων.",ἐκεῖνος,Louw Nida 92.30,εκει,pronoun,—
NA28,Matthew 22:23,Ἐν,ἐκείνῃ,"τῇ ἡμέρᾳ προσῆλθον αὐτῷ Σαδδουκαῖοι, λέγοντες μὴ εἶναι ἀνάστασιν, καὶ ἐπηρώτησαν αὐτὸν",ἐκεῖνος,Louw Nida 92.30,εκει,pronoun,—
NA28,Matthew 22:46,καὶ οὐδεὶς ἐδύνατο ἀποκριθῆναι αὐτῷ λόγον οὐδὲ ἐτόλμησέν τις ἀπʼ,ἐκείνης,τῆς ἡμέρας ἐπερωτῆσαι αὐτὸν οὐκέτι.,ἐκεῖνος,Louw Nida 92.30,εκει,pronoun,—
NA28,Matthew 24:19,οὐαὶ δὲ ταῖς ἐν γαστρὶ ἐχούσαις καὶ ταῖς θηλαζούσαις ἐν,ἐκείναις,ταῖς ἡμέραις.,ἐκεῖνος,Louw Nida 92.30,εκει,pronoun,—
NA28,Matthew 24:22,καὶ εἰ μὴ ἐκολοβώθησαν αἱ ἡμέραι,ἐκεῖναι,", οὐκ ἂν ἐσώθη πᾶσα σάρξ· διὰ δὲ τοὺς ἐκλεκτοὺς κολοβωθήσονται αἱ ἡμέραι ἐκεῖναι.",ἐκεῖνος,Louw Nida 92.30,εκει,pronoun,—
NA28,Matthew 24:22,οὐκ ἂν ἐσώθη πᾶσα σάρξ· διὰ δὲ τοὺς ἐκλεκτοὺς κολοβωθήσονται αἱ ἡμέραι,ἐκεῖναι,.,ἐκεῖνος,Louw Nida 92.30,εκει,pronoun,—
NA28,Matthew 24:29,Εὐθέως δὲ μετὰ τὴν θλῖψιν τῶν ἡμερῶν,ἐκείνων,"ὁ ἥλιος σκοτισθήσεται,           καὶ ἡ σελήνη οὐ δώσει τὸ φέγγος αὐτῆς,        καὶ οἱ",ἐκεῖνος,Louw Nida 92.30,εκει,pronoun,—
NA28,Matthew 24:36,Περὶ δὲ τῆς ἡμέρας,ἐκείνης,"καὶ ὥρας οὐδεὶς οἶδεν, οὐδὲ οἱ ἄγγελοι τῶν οὐρανῶν οὐδὲ ὁ υἱός, εἰ μὴ ὁ πατὴρ  μόνος.",ἐκεῖνος,Louw Nida 92.30,εκει,pronoun,—
NA28,Matthew 24:38,ὡς γὰρ ἦσαν ἐν ταῖς ἡμέραις [,ἐκείναις,"] ταῖς πρὸ τοῦ κατακλυσμοῦ τρώγοντες καὶ πίνοντες, γαμοῦντες καὶ γαμίζοντες, ἄχρι ἧς ἡμέρας",ἐκεῖνος,Louw Nida 92.30,εκει,pronoun,—
NA28,Matthew 24:43,—,Ἐκεῖνο,"δὲ γινώσκετε ὅτι εἰ ᾔδει ὁ οἰκοδεσπότης ποίᾳ φυλακῇ ὁ κλέπτης ἔρχεται, ἐγρηγόρησεν",ἐκεῖνος,Louw Nida 92.30,εκει,pronoun,—
NA28,Matthew 24:46,μακάριος ὁ δοῦλος,ἐκεῖνος,ὃν ἐλθὼν ὁ κύριος αὐτοῦ εὑρήσει οὕτως ποιοῦντα·,ἐκεῖνος,Louw Nida 92.30,εκει,pronoun,—
NA28,Matthew 24:48,ἐὰν δὲ εἴπῃ ὁ κακὸς δοῦλος,ἐκεῖνος,"ἐν τῇ καρδίᾳ αὐτοῦ· χρονίζει μου ὁ κύριος,",ἐκεῖνος,Louw Nida 92.30,εκει,pronoun,—
NA28,Matthew 24:50,ἥξει ὁ κύριος τοῦ δούλου,ἐκείνου,"ἐν ἡμέρᾳ ᾗ οὐ προσδοκᾷ καὶ ἐν ὥρᾳ ᾗ οὐ γινώσκει,",ἐκεῖνος,Louw Nida 92.30,εκει,pronoun,—
NA28,Matthew 25:7,τότε ἠγέρθησαν πᾶσαι αἱ παρθένοι,ἐκεῖναι,καὶ ἐκόσμησαν τὰς λαμπάδας ἑαυτῶν.,ἐκεῖνος,Louw Nida 92.30,εκει,pronoun,—
NA28,Matthew 25:19,Μετὰ δὲ πολὺν χρόνον ἔρχεται ὁ κύριος τῶν δούλων,ἐκείνων,καὶ συναίρει λόγον μετʼ αὐτῶν.,ἐκεῖνος,Louw Nida 92.30,εκει,pronoun,—
NA28,Matthew 26:24,"ὁ μὲν υἱὸς τοῦ ἀνθρώπου ὑπάγει καθὼς γέγραπται περὶ αὐτοῦ, οὐαὶ δὲ τῷ ἀνθρώπῳ",ἐκείνῳ,διʼ οὗ ὁ υἱὸς τοῦ ἀνθρώπου παραδίδοται· καλὸν ἦν αὐτῷ εἰ οὐκ ἐγεννήθη ὁ ἄνθρωπος ἐκεῖνος.,ἐκεῖνος,Louw Nida 92.30,εκει,pronoun,—
NA28,Matthew 26:24,υἱὸς τοῦ ἀνθρώπου παραδίδοται· καλὸν ἦν αὐτῷ εἰ οὐκ ἐγεννήθη ὁ ἄνθρωπος,ἐκεῖνος,.,ἐκεῖνος,Louw Nida 92.30,εκει,pronoun,—
NA28,Matthew 26:29,"λέγω δὲ ὑμῖν,  οὐ μὴ πίω ἀπʼ ἄρτι ἐκ τούτου τοῦ γενήματος τῆς ἀμπέλου ἕως τῆς ἡμέρας",ἐκείνης,ὅταν αὐτὸ πίνω μεθʼ ὑμῶν καινὸν ἐν τῇ βασιλείᾳ τοῦ πατρός μου.,ἐκεῖνος,Louw Nida 92.30,εκει,pronoun,—
NA28,Matthew 26:55,Ἐν,ἐκείνῃ,τῇ ὥρᾳ εἶπεν ὁ Ἰησοῦς τοῖς ὄχλοις· ὡς ἐπὶ λῃστὴν ἐξήλθατε μετὰ μαχαιρῶν,ἐκεῖνος,Louw Nida 92.30,εκει,pronoun,—
NA28,Matthew 27:8,διὸ ἐκλήθη ὁ ἀγρὸς,ἐκεῖνος,ἀγρὸς αἵματος ἕως τῆς σήμερον.,ἐκεῖνος,Louw Nida 92.30,εκει,pronoun,—
NA28,Matthew 27:19,Καθημένου δὲ αὐτοῦ ἐπὶ τοῦ βήματος ἀπέστειλεν πρὸς αὐτὸν ἡ γυνὴ αὐτοῦ λέγουσα· μηδὲν σοὶ καὶ τῷ δικαίῳ,ἐκείνῳ,· πολλὰ γὰρ ἔπαθον σήμερον κατʼ ὄναρ διʼ αὐτόν.,ἐκεῖνος,Louw Nida 92.30,εκει,pronoun,—
NA28,Matthew 27:63,"λέγοντες· κύριε, ἐμνήσθημεν ὅτι",ἐκεῖνος,ὁ πλάνος εἶπεν ἔτι ζῶν· μετὰ τρεῖς ἡμέρας ἐγείρομαι.,ἐκεῖνος,Louw Nida 92.30,εκει,pronoun,—
NA28,Mark 1:9,Καὶ ἐγένετο ἐν,ἐκείναις,ταῖς ἡμέραις ἦλθεν Ἰησοῦς ἀπὸ Ναζαρὲτ τῆς Γαλιλαίας καὶ ἐβαπτίσθη εἰς τὸν Ἰορδάνην ὑπὸ Ἰωάννου.,ἐκεῖνος,Louw Nida 92.30,εκει,pronoun,—
NA28,Mark 2:20,"ἐλεύσονται δὲ ἡμέραι ὅταν ἀπαρθῇ ἀπʼ αὐτῶν ὁ νυμφίος, καὶ τότε νηστεύσουσιν ἐν",ἐκείνῃ,τῇ ἡμέρᾳ.,ἐκεῖνος,Louw Nida 92.30,εκει,pronoun,—
NA28,Mark 3:24,"καὶ ἐὰν βασιλεία ἐφʼ ἑαυτὴν μερισθῇ, οὐ δύναται σταθῆναι ἡ βασιλεία",ἐκείνη,·,ἐκεῖνος,Louw Nida 92.30,εκει,pronoun,—
NA28,Mark 3:25,"καὶ ἐὰν οἰκία ἐφʼ ἑαυτὴν μερισθῇ, οὐ δυνήσεται ἡ οἰκία",ἐκείνη,σταθῆναι.,ἐκεῖνος,Louw Nida 92.30,εκει,pronoun,—
NA28,Mark 4:11,καὶ ἔλεγεν αὐτοῖς· ὑμῖν τὸ μυστήριον δέδοται τῆς βασιλείας τοῦ θεοῦ·,ἐκείνοις,"δὲ τοῖς ἔξω ἐν παραβολαῖς τὰ πάντα γίνεται,",ἐκεῖνος,Louw Nida 92.30,εκει,pronoun,—
NA28,Mark 4:20,καὶ,ἐκεῖνοί,"εἰσιν οἱ ἐπὶ τὴν γῆν τὴν καλὴν σπαρέντες, οἵτινες ἀκούουσιν τὸν λόγον καὶ",ἐκεῖνος,Louw Nida 92.30,εκει,pronoun,—
NA28,Mark 4:35,Καὶ λέγει αὐτοῖς ἐν,ἐκείνῃ,τῇ ἡμέρᾳ ὀψίας γενομένης· διέλθωμεν εἰς τὸ πέραν.,ἐκεῖνος,Louw Nida 92.30,εκει,pronoun,—
NA28,Mark 6:55,περιέδραμον ὅλην τὴν χώραν,ἐκείνην,καὶ ἤρξαντο ἐπὶ τοῖς κραβάττοις  τοὺς κακῶς ἔχοντας περιφέρειν ὅπου ἤκουον ὅτι ἐστίν.,ἐκεῖνος,Louw Nida 92.30,εκει,pronoun,—
NA28,Mark 7:20,"ἔλεγεν δὲ ὅτι τὸ ἐκ τοῦ ἀνθρώπου ἐκπορευόμενον,",ἐκεῖνο,κοινοῖ τὸν ἄνθρωπον.,ἐκεῖνος,Louw Nida 92.30,εκει,pronoun,—
NA28,Mark 8:1,Ἐν,ἐκείναις,"ταῖς ἡμέραις πάλιν πολλοῦ ὄχλου ὄντος καὶ μὴ ἐχόντων τί φάγωσιν, προσκαλεσάμενος τοὺς μαθητὰς  λέγει αὐτοῖς·",ἐκεῖνος,Louw Nida 92.30,εκει,pronoun,—
NA28,Mark 12:7,—,ἐκεῖνοι,δὲ οἱ γεωργοὶ πρὸς ἑαυτοὺς εἶπαν ὅτι οὗτός ἐστιν ὁ κληρονόμος· δεῦτε ἀποκτείνωμεν,ἐκεῖνος,Louw Nida 92.30,εκει,pronoun,—
NA28,Mark 13:11,"καὶ ὅταν ἄγωσιν ὑμᾶς παραδιδόντες, μὴ προμεριμνᾶτε τί λαλήσητε, ἀλλʼ ὃ ἐὰν δοθῇ ὑμῖν ἐν",ἐκείνῃ,τῇ ὥρᾳ τοῦτο λαλεῖτε· οὐ γάρ ἐστε ὑμεῖς οἱ λαλοῦντες ἀλλὰ τὸ πνεῦμα τὸ ἅγιον.,ἐκεῖνος,Louw Nida 92.30,εκει,pronoun,—
NA28,Mark 13:17,οὐαὶ δὲ ταῖς ἐν γαστρὶ ἐχούσαις καὶ ταῖς θηλαζούσαις ἐν,ἐκείναις,ταῖς ἡμέραις.,ἐκεῖνος,Louw Nida 92.30,εκει,pronoun,—
NA28,Mark 13:19,ἔσονται γὰρ αἱ ἡμέραι,ἐκεῖναι,θλῖψις οἵα οὐ γέγονεν τοιαύτη ἀπʼ ἀρχῆς κτίσεως ἣν ἔκτισεν ὁ θεὸς ἕως,ἐκεῖνος,Louw Nida 92.30,εκει,pronoun,—
NA28,Mark 13:24,Ἀλλʼ ἐν,ἐκείναις,"ταῖς ἡμέραις μετὰ τὴν θλῖψιν ἐκείνην        ὁ ἥλιος σκοτισθήσεται           καὶ ἡ σελήνη οὐ δώσει τὸ φέγγος αὐτῆς,",ἐκεῖνος,Louw Nida 92.30,εκει,pronoun,—
NA28,Mark 13:24,Ἀλλʼ ἐν ἐκείναις ταῖς ἡμέραις μετὰ τὴν θλῖψιν,ἐκείνην,"ὁ ἥλιος σκοτισθήσεται           καὶ ἡ σελήνη οὐ δώσει τὸ φέγγος αὐτῆς,",ἐκεῖνος,Louw Nida 92.30,εκει,pronoun,—
NA28,Mark 13:32,Περὶ δὲ τῆς ἡμέρας,ἐκείνης,"ἢ τῆς ὥρας οὐδεὶς οἶδεν, οὐδὲ οἱ ἄγγελοι ἐν οὐρανῷ οὐδὲ ὁ υἱός, εἰ μὴ ὁ πατήρ.",ἐκεῖνος,Louw Nida 92.30,εκει,pronoun,—
NA28,Mark 14:21,"ὅτι ὁ μὲν υἱὸς τοῦ ἀνθρώπου ὑπάγει καθὼς γέγραπται περὶ αὐτοῦ, οὐαὶ δὲ τῷ ἀνθρώπῳ",ἐκείνῳ,διʼ οὗ ὁ υἱὸς τοῦ ἀνθρώπου παραδίδοται· καλὸν  αὐτῷ εἰ οὐκ ἐγεννήθη ὁ ἄνθρωπος ἐκεῖνος.,ἐκεῖνος,Louw Nida 92.30,εκει,pronoun,—
NA28,Mark 14:21,ὁ υἱὸς τοῦ ἀνθρώπου παραδίδοται· καλὸν  αὐτῷ εἰ οὐκ ἐγεννήθη ὁ ἄνθρωπος,ἐκεῖνος,.,ἐκεῖνος,Louw Nida 92.30,εκει,pronoun,—
NA28,Mark 14:25,ἀμὴν λέγω ὑμῖν ὅτι οὐκέτι οὐ μὴ πίω ἐκ τοῦ γενήματος τῆς ἀμπέλου ἕως τῆς ἡμέρας,ἐκείνης,ὅταν αὐτὸ πίνω καινὸν ἐν τῇ βασιλείᾳ τοῦ θεοῦ.,ἐκεῖνος,Louw Nida 92.30,εκει,pronoun,—
NA28,Mark 16:10,—,ἐκείνη,πορευθεῖσα ἀπήγγειλεν τοῖς μετʼ αὐτοῦ γενομένοις πενθοῦσιν καὶ κλαίουσιν·,ἐκεῖνος,Louw Nida 92.30,εκει,pronoun,—
NA28,Mark 16:13,κἀκεῖνοι ἀπελθόντες ἀπήγγειλαν τοῖς λοιποῖς· οὐδὲ,ἐκείνοις,ἐπίστευσαν.,ἐκεῖνος,Louw Nida 92.30,εκει,pronoun,—
NA28,Mark 16:20,—,ἐκεῖνοι,"δὲ ἐξελθόντες ἐκήρυξαν πανταχοῦ, τοῦ κυρίου συνεργοῦντος καὶ τὸν λόγον βεβαιοῦντος διὰ τῶν ἐπακολουθούντων σημείων.",ἐκεῖνος,Louw Nida 92.30,εκει,pronoun,—
NA28,Luke 2:1,Ἐγένετο δὲ ἐν ταῖς ἡμέραις,ἐκείναις,ἐξῆλθεν δόγμα παρὰ Καίσαρος Αὐγούστου ἀπογράφεσθαι πᾶσαν τὴν οἰκουμένην.,ἐκεῖνος,Louw Nida 92.30,εκει,pronoun,—
NA28,Luke 4:2,ἡμέρας τεσσεράκοντα πειραζόμενος ὑπὸ τοῦ διαβόλου. Καὶ οὐκ ἔφαγεν οὐδὲν  ἐν ταῖς ἡμέραις,ἐκείναις,καὶ συντελεσθεισῶν αὐτῶν ἐπείνασεν.,ἐκεῖνος,Louw Nida 92.30,εκει,pronoun,—
NA28,Luke 5:35,"ἐλεύσονται δὲ ἡμέραι, καὶ ὅταν ἀπαρθῇ ἀπʼ αὐτῶν ὁ νυμφίος, τότε νηστεύσουσιν ἐν",ἐκείναις,ταῖς ἡμέραις.,ἐκεῖνος,Louw Nida 92.30,εκει,pronoun,—
NA28,Luke 6:23,χάρητε ἐν,ἐκείνῃ,"τῇ ἡμέρᾳ καὶ σκιρτήσατε, ἰδοὺ γὰρ ὁ μισθὸς ὑμῶν πολὺς ἐν τῷ οὐρανῷ",ἐκεῖνος,Louw Nida 92.30,εκει,pronoun,—
NA28,Luke 6:48,θεμέλιον ἐπὶ τὴν πέτραν· πλημμύρης δὲ γενομένης προσέρηξεν ὁ ποταμὸς τῇ οἰκίᾳ,ἐκείνῃ,", καὶ οὐκ ἴσχυσεν σαλεῦσαι αὐτὴν διὰ τὸ καλῶς οἰκοδομῆσθαι αὐτήν.",ἐκεῖνος,Louw Nida 92.30,εκει,pronoun,—
NA28,Luke 6:49,"προσέρηξεν ὁ ποταμός, καὶ εὐθὺς συνέπεσεν καὶ ἐγένετο τὸ ῥῆγμα τῆς οἰκίας",ἐκείνης,μέγα.,ἐκεῖνος,Louw Nida 92.30,εκει,pronoun,—
NA28,Luke 7:21,ἐν,ἐκείνῃ,τῇ ὥρᾳ ἐθεράπευσεν πολλοὺς ἀπὸ νόσων καὶ μαστίγων καὶ πνευμάτων πονηρῶν καὶ τυφλοῖς πολλοῖς ἐχαρίσατο βλέπειν.,ἐκεῖνος,Louw Nida 92.30,εκει,pronoun,—
NA28,Luke 8:32,ἦν δὲ ἐκεῖ ἀγέλη χοίρων ἱκανῶν βοσκομένη ἐν τῷ ὄρει· καὶ παρεκάλεσαν αὐτὸν ἵνα ἐπιτρέψῃ αὐτοῖς εἰς,ἐκείνους,εἰσελθεῖν· καὶ ἐπέτρεψεν αὐτοῖς.,ἐκεῖνος,Louw Nida 92.30,εκει,pronoun,—
NA28,Luke 9:5,"καὶ ὅσοι ἂν μὴ δέχωνται ὑμᾶς, ἐξερχόμενοι ἀπὸ τῆς πόλεως",ἐκείνης,τὸν κονιορτὸν ἀπὸ τῶν ποδῶν ὑμῶν ἀποτινάσσετε εἰς μαρτύριον ἐπʼ αὐτούς.,ἐκεῖνος,Louw Nida 92.30,εκει,pronoun,—
NA28,Luke 9:36,καὶ  ἐν τῷ γενέσθαι τὴν φωνὴν εὑρέθη Ἰησοῦς μόνος. καὶ αὐτοὶ ἐσίγησαν καὶ οὐδενὶ ἀπήγγειλαν ἐν,ἐκείναις,ταῖς ἡμέραις οὐδὲν ὧν ἑώρακαν.,ἐκεῖνος,Louw Nida 92.30,εκει,pronoun,—
NA28,Luke 10:12,λέγω  ὑμῖν ὅτι Σοδόμοις ἐν τῇ ἡμέρᾳ,ἐκείνῃ,ἀνεκτότερον ἔσται ἢ τῇ πόλει ἐκείνῃ.,ἐκεῖνος,Louw Nida 92.30,εκει,pronoun,—
NA28,Luke 10:12,λέγω  ὑμῖν ὅτι Σοδόμοις ἐν τῇ ἡμέρᾳ ἐκείνῃ ἀνεκτότερον ἔσται ἢ τῇ πόλει,ἐκείνῃ,.,ἐκεῖνος,Louw Nida 92.30,εκει,pronoun,—
NA28,Luke 10:31,κατὰ συγκυρίαν δὲ ἱερεύς τις κατέβαινεν ἐν τῇ ὁδῷ,ἐκείνῃ,καὶ ἰδὼν αὐτὸν ἀντιπαρῆλθεν·,ἐκεῖνος,Louw Nida 92.30,εκει,pronoun,—
NA28,Luke 11:26,ἑαυτοῦ ἑπτὰ καὶ εἰσελθόντα κατοικεῖ ἐκεῖ· καὶ γίνεται τὰ ἔσχατα τοῦ ἀνθρώπου,ἐκείνου,χείρονα τῶν πρώτων.,ἐκεῖνος,Louw Nida 92.30,εκει,pronoun,—
NA28,Luke 12:37,μακάριοι οἱ δοῦλοι,ἐκεῖνοι,", οὓς ἐλθὼν ὁ κύριος εὑρήσει γρηγοροῦντας· ἀμὴν λέγω ὑμῖν ὅτι περιζώσεται καὶ ἀνακλινεῖ",ἐκεῖνος,Louw Nida 92.30,εκει,pronoun,—
NA28,Luke 12:38,"κἂν ἐν τῇ δευτέρᾳ κἂν ἐν τῇ τρίτῃ φυλακῇ ἔλθῃ καὶ εὕρῃ οὕτως, μακάριοί εἰσιν",ἐκεῖνοι,.,ἐκεῖνος,Louw Nida 92.30,εκει,pronoun,—
NA28,Luke 12:43,μακάριος ὁ δοῦλος,ἐκεῖνος,", ὃν ἐλθὼν ὁ κύριος αὐτοῦ εὑρήσει ποιοῦντα οὕτως.",ἐκεῖνος,Louw Nida 92.30,εκει,pronoun,—
NA28,Luke 12:45,ἐὰν δὲ εἴπῃ ὁ δοῦλος,ἐκεῖνος,"ἐν τῇ καρδίᾳ αὐτοῦ· χρονίζει ὁ κύριός μου ἔρχεσθαι, καὶ ἄρξηται τύπτειν τοὺς",ἐκεῖνος,Louw Nida 92.30,εκει,pronoun,—
NA28,Luke 12:46,ἥξει ὁ κύριος τοῦ δούλου,ἐκείνου,"ἐν ἡμέρᾳ ᾗ οὐ προσδοκᾷ καὶ ἐν ὥρᾳ ᾗ οὐ γινώσκει, καὶ διχοτομήσει",ἐκεῖνος,Louw Nida 92.30,εκει,pronoun,—
NA28,Luke 12:47,—,Ἐκεῖνος,δὲ ὁ δοῦλος ὁ γνοὺς τὸ θέλημα τοῦ κυρίου αὐτοῦ καὶ μὴ ἑτοιμάσας,ἐκεῖνος,Louw Nida 92.30,εκει,pronoun,—
NA28,Luke 13:4,ἢ,ἐκεῖνοι,οἱ δεκαοκτὼ ἐφʼ οὓς ἔπεσεν ὁ πύργος ἐν τῷ Σιλωὰμ καὶ ἀπέκτεινεν αὐτούς,ἐκεῖνος,Louw Nida 92.30,εκει,pronoun,—
NA28,Luke 14:24,λέγω γὰρ ὑμῖν ὅτι οὐδεὶς τῶν ἀνδρῶν,ἐκείνων,τῶν κεκλημένων γεύσεταί μου τοῦ δείπνου.,ἐκεῖνος,Louw Nida 92.30,εκει,pronoun,—
NA28,Luke 15:14,δαπανήσαντος δὲ αὐτοῦ πάντα ἐγένετο λιμὸς ἰσχυρὰ κατὰ τὴν χώραν,ἐκείνην,", καὶ αὐτὸς ἤρξατο ὑστερεῖσθαι.",ἐκεῖνος,Louw Nida 92.30,εκει,pronoun,—
NA28,Luke 15:15,καὶ πορευθεὶς ἐκολλήθη ἑνὶ τῶν πολιτῶν τῆς χώρας,ἐκείνης,", καὶ ἔπεμψεν αὐτὸν εἰς τοὺς ἀγροὺς αὐτοῦ βόσκειν χοίρους,",ἐκεῖνος,Louw Nida 92.30,εκει,pronoun,—
NA28,Luke 17:31,ἐν,ἐκείνῃ,τῇ ἡμέρᾳ ὃς ἔσται ἐπὶ τοῦ δώματος καὶ τὰ σκεύη αὐτοῦ ἐν τῇ,ἐκεῖνος,Louw Nida 92.30,εκει,pronoun,—
NA28,Luke 18:3,χήρα δὲ ἦν ἐν τῇ πόλει,ἐκείνῃ,καὶ ἤρχετο πρὸς αὐτὸν λέγουσα· ἐκδίκησόν με ἀπὸ τοῦ ἀντιδίκου μου.,ἐκεῖνος,Louw Nida 92.30,εκει,pronoun,—
NA28,Luke 18:14,"λέγω ὑμῖν, κατέβη οὗτος δεδικαιωμένος εἰς τὸν οἶκον αὐτοῦ παρʼ",ἐκεῖνον,"· ὅτι πᾶς ὁ ὑψῶν ἑαυτὸν ταπεινωθήσεται, ὁ δὲ ταπεινῶν ἑαυτὸν ὑψωθήσεται.",ἐκεῖνος,Louw Nida 92.30,εκει,pronoun,—
NA28,Luke 19:4,καὶ προδραμὼν εἰς τὸ ἔμπροσθεν ἀνέβη ἐπὶ συκομορέαν ἵνα ἴδῃ αὐτὸν ὅτι,ἐκείνης,ἤμελλεν διέρχεσθαι.,ἐκεῖνος,Louw Nida 83.2,εκει,pronoun,—
NA28,Luke 20:18,πᾶς ὁ πεσὼν ἐπʼ,ἐκεῖνον,"τὸν λίθον συνθλασθήσεται· ἐφʼ ὃν δʼ ἂν πέσῃ, λικμήσει αὐτόν.",ἐκεῖνος,Louw Nida 92.30,εκει,pronoun,—
NA28,Luke 20:35,οἱ δὲ καταξιωθέντες τοῦ αἰῶνος,ἐκείνου,τυχεῖν καὶ τῆς ἀναστάσεως τῆς ἐκ νεκρῶν οὔτε γαμοῦσιν οὔτε γαμίζονται·,ἐκεῖνος,Louw Nida 92.30,εκει,pronoun,—
NA28,Luke 21:23,οὐαὶ  ταῖς ἐν γαστρὶ ἐχούσαις καὶ ταῖς θηλαζούσαις ἐν,ἐκείναις,"ταῖς ἡμέραις· ἔσται γὰρ ἀνάγκη μεγάλη ἐπὶ τῆς γῆς καὶ ὀργὴ  τῷ λαῷ τούτῳ,",ἐκεῖνος,Louw Nida 92.30,εκει,pronoun,—
NA28,Luke 21:34,καὶ μέθῃ καὶ μερίμναις βιωτικαῖς καὶ ἐπιστῇ ἐφʼ ὑμᾶς αἰφνίδιος ἡ ἡμέρα,ἐκείνη,"",ἐκεῖνος,Louw Nida 92.30,εκει,pronoun,—
NA28,Luke 22:22,"ὅτι ὁ υἱὸς μὲν τοῦ ἀνθρώπου κατὰ τὸ ὡρισμένον πορεύεται, πλὴν οὐαὶ τῷ ἀνθρώπῳ",ἐκείνῳ,διʼ οὗ παραδίδοται.,ἐκεῖνος,Louw Nida 92.30,εκει,pronoun,—
NA28,John 1:8,οὐκ ἦν,ἐκεῖνος,"τὸ φῶς, ἀλλʼ ἵνα μαρτυρήσῃ περὶ τοῦ φωτός.",ἐκεῖνος,Louw Nida 92.30,εκει,pronoun,—
NA28,John 1:18,Θεὸν οὐδεὶς ἑώρακεν πώποτε· μονογενὴς θεὸς ὁ ὢν εἰς τὸν κόλπον τοῦ πατρὸς,ἐκεῖνος,ἐξηγήσατο.,ἐκεῖνος,Louw Nida 92.30,εκει,pronoun,—
NA28,John 1:33,"κἀγὼ οὐκ ᾔδειν αὐτόν, ἀλλʼ ὁ πέμψας με βαπτίζειν ἐν  ὕδατι",ἐκεῖνός,μοι εἶπεν· ἐφʼ ὃν ἂν ἴδῃς τὸ πνεῦμα καταβαῖνον καὶ μένον ἐπʼ αὐτόν,ἐκεῖνος,Louw Nida 92.30,εκει,pronoun,—
NA28,John 1:39,λέγει αὐτοῖς· ἔρχεσθε καὶ ὄψεσθε. ἦλθαν οὖν καὶ εἶδαν ποῦ μένει καὶ παρʼ αὐτῷ ἔμειναν τὴν ἡμέραν,ἐκείνην,· ὥρα ἦν ὡς δεκάτη.,ἐκεῖνος,Louw Nida 92.30,εκει,pronoun,—
NA28,John 2:21,—,ἐκεῖνος,δὲ ἔλεγεν περὶ τοῦ ναοῦ τοῦ σώματος αὐτοῦ.,ἐκεῖνος,Louw Nida 92.30,εκει,pronoun,—
NA28,John 3:28,"αὐτοὶ ὑμεῖς μοι μαρτυρεῖτε ὅτι εἶπον [ὅτι] οὐκ εἰμὶ ἐγὼ ὁ χριστός, ἀλλʼ ὅτι ἀπεσταλμένος εἰμὶ ἔμπροσθεν",ἐκείνου,.,ἐκεῖνος,Louw Nida 92.30,εκει,pronoun,—
NA28,John 3:30,—,ἐκεῖνον,"δεῖ αὐξάνειν, ἐμὲ δὲ ἐλαττοῦσθαι.",ἐκεῖνος,Louw Nida 92.30,εκει,pronoun,—
NA28,John 4:25,Λέγει αὐτῷ ἡ γυνή· οἶδα ὅτι Μεσσίας ἔρχεται ὁ λεγόμενος χριστός· ὅταν ἔλθῃ,ἐκεῖνος,", ἀναγγελεῖ ἡμῖν ἅπαντα.",ἐκεῖνος,Louw Nida 92.30,εκει,pronoun,—
NA28,John 4:39,Ἐκ δὲ τῆς πόλεως,ἐκείνης,πολλοὶ ἐπίστευσαν εἰς αὐτὸν τῶν Σαμαριτῶν διὰ τὸν λόγον τῆς γυναικὸς μαρτυρούσης ὅτι,ἐκεῖνος,Louw Nida 92.30,εκει,pronoun,—
NA28,John 4:53,ἔγνω οὖν ὁ πατὴρ  ὅτι [ἐν],ἐκείνῃ,"τῇ ὥρᾳ ἐν ᾗ εἶπεν αὐτῷ ὁ Ἰησοῦς· ὁ υἱός σου ζῇ, καὶ",ἐκεῖνος,Louw Nida 92.30,εκει,pronoun,—
NA28,John 5:9,καὶ εὐθέως ἐγένετο ὑγιὴς ὁ ἄνθρωπος καὶ ἦρεν τὸν κράβαττον αὐτοῦ καὶ περιεπάτει.  Ἦν δὲ σάββατον ἐν,ἐκείνῃ,τῇ ἡμέρᾳ.,ἐκεῖνος,Louw Nida 92.30,εκει,pronoun,—
NA28,John 5:11,ὁ δὲ ἀπεκρίθη αὐτοῖς· ὁ ποιήσας με ὑγιῆ,ἐκεῖνός,μοι εἶπεν· ἆρον τὸν κράβαττόν σου καὶ περιπάτει.,ἐκεῖνος,Louw Nida 92.30,εκει,pronoun,—
NA28,John 5:19,ἑαυτοῦ οὐδὲν ἐὰν μή τι βλέπῃ τὸν πατέρα ποιοῦντα· ἃ γὰρ ἂν,ἐκεῖνος,"ποιῇ, ταῦτα καὶ ὁ υἱὸς ὁμοίως ποιεῖ.",ἐκεῖνος,Louw Nida 92.30,εκει,pronoun,—
NA28,John 5:35,—,ἐκεῖνος,"ἦν ὁ λύχνος ὁ καιόμενος καὶ φαίνων, ὑμεῖς δὲ ἠθελήσατε ἀγαλλιαθῆναι πρὸς ὥραν ἐν τῷ φωτὶ αὐτοῦ.",ἐκεῖνος,Louw Nida 92.30,εκει,pronoun,—
NA28,John 5:37,καὶ ὁ πέμψας με πατὴρ,ἐκεῖνος,"μεμαρτύρηκεν περὶ ἐμοῦ. οὔτε φωνὴν αὐτοῦ πώποτε ἀκηκόατε οὔτε εἶδος αὐτοῦ ἑωράκατε,",ἐκεῖνος,Louw Nida 92.30,εκει,pronoun,—
NA28,John 5:38,"καὶ τὸν λόγον αὐτοῦ οὐκ ἔχετε ἐν ὑμῖν μένοντα, ὅτι ὃν ἀπέστειλεν",ἐκεῖνος,", τούτῳ ὑμεῖς οὐ πιστεύετε.",ἐκεῖνος,Louw Nida 92.30,εκει,pronoun,—
NA28,John 5:39,"ἐραυνᾶτε τὰς γραφάς, ὅτι ὑμεῖς δοκεῖτε ἐν αὐταῖς ζωὴν αἰώνιον ἔχειν· καὶ",ἐκεῖναί,εἰσιν αἱ μαρτυροῦσαι περὶ ἐμοῦ·,ἐκεῖνος,Louw Nida 92.30,εκει,pronoun,—
NA28,John 5:43,"καὶ οὐ λαμβάνετέ με· ἐὰν ἄλλος ἔλθῃ ἐν τῷ ὀνόματι τῷ ἰδίῳ,",ἐκεῖνον,λήμψεσθε.,ἐκεῖνος,Louw Nida 92.30,εκει,pronoun,—
NA28,John 5:46,"εἰ γὰρ ἐπιστεύετε Μωϋσεῖ, ἐπιστεύετε ἂν ἐμοί· περὶ γὰρ ἐμοῦ",ἐκεῖνος,ἔγραψεν.,ἐκεῖνος,Louw Nida 92.30,εκει,pronoun,—
NA28,John 5:47,εἰ δὲ τοῖς,ἐκείνου,"γράμμασιν οὐ πιστεύετε, πῶς τοῖς ἐμοῖς ῥήμασιν πιστεύσετε;",ἐκεῖνος,Louw Nida 92.30,εκει,pronoun,—
NA28,John 6:29,"ἀπεκρίθη [ὁ] Ἰησοῦς καὶ εἶπεν αὐτοῖς· τοῦτό ἐστιν τὸ ἔργον τοῦ θεοῦ, ἵνα πιστεύητε εἰς ὃν ἀπέστειλεν",ἐκεῖνος,.,ἐκεῖνος,Louw Nida 92.30,εκει,pronoun,—
NA28,John 7:11,οἱ οὖν Ἰουδαῖοι ἐζήτουν αὐτὸν ἐν τῇ ἑορτῇ καὶ ἔλεγον· ποῦ ἐστιν,ἐκεῖνος,;,ἐκεῖνος,Louw Nida 92.30,εκει,pronoun,—
NA28,John 7:45,"Ἦλθον οὖν οἱ ὑπηρέται πρὸς τοὺς ἀρχιερεῖς καὶ Φαρισαίους, καὶ εἶπον αὐτοῖς",ἐκεῖνοι,· διὰ τί οὐκ ἠγάγετε αὐτόν;,ἐκεῖνος,Louw Nida 92.30,εκει,pronoun,—
NA28,John 8:42,"ἐκ τοῦ θεοῦ ἐξῆλθον καὶ ἥκω· οὐδὲ γὰρ ἀπʼ ἐμαυτοῦ ἐλήλυθα, ἀλλʼ",ἐκεῖνός,με ἀπέστειλεν.,ἐκεῖνος,Louw Nida 92.30,εκει,pronoun,—
NA28,John 8:44,ὑμεῖς ἐκ τοῦ πατρὸς τοῦ διαβόλου ἐστὲ καὶ τὰς ἐπιθυμίας τοῦ πατρὸς ὑμῶν θέλετε ποιεῖν.,ἐκεῖνος,"ἀνθρωποκτόνος ἦν ἀπʼ ἀρχῆς καὶ ἐν τῇ ἀληθείᾳ οὐκ ἔστηκεν, ὅτι οὐκ ἔστιν",ἐκεῖνος,Louw Nida 92.30,εκει,pronoun,—
NA28,John 9:9,"ἄλλοι ἔλεγον ὅτι οὗτός ἐστιν, ἄλλοι ἔλεγον· οὐχί, ἀλλʼ ὅμοιος αὐτῷ ἐστιν.",ἐκεῖνος,ἔλεγεν ὅτι ἐγώ εἰμι.,ἐκεῖνος,Louw Nida 92.30,εκει,pronoun,—
NA28,John 9:11,ἀπεκρίθη,ἐκεῖνος,· ὁ ἄνθρωπος ὁ λεγόμενος Ἰησοῦς πηλὸν ἐποίησεν καὶ ἐπέχρισέν μου τοὺς ὀφθαλμοὺς καὶ,ἐκεῖνος,Louw Nida 92.30,εκει,pronoun,—
NA28,John 9:12,καὶ εἶπαν αὐτῷ· ποῦ ἐστιν,ἐκεῖνος,; λέγει· οὐκ οἶδα.,ἐκεῖνος,Louw Nida 92.30,εκει,pronoun,—
NA28,John 9:25,ἀπεκρίθη οὖν,ἐκεῖνος,· εἰ ἁμαρτωλός ἐστιν οὐκ οἶδα· ἓν οἶδα ὅτι τυφλὸς ὢν ἄρτι βλέπω.,ἐκεῖνος,Louw Nida 92.30,εκει,pronoun,—
NA28,John 9:28,καὶ ἐλοιδόρησαν αὐτὸν καὶ εἶπον· σὺ μαθητὴς εἶ,ἐκείνου,", ἡμεῖς δὲ τοῦ Μωϋσέως ἐσμὲν μαθηταί·",ἐκεῖνος,Louw Nida 92.30,εκει,pronoun,—
NA28,John 9:36,ἀπεκρίθη,ἐκεῖνος,"καὶ εἶπεν· καὶ τίς ἐστιν, κύριε, ἵνα πιστεύσω εἰς αὐτόν;",ἐκεῖνος,Louw Nida 92.30,εκει,pronoun,—
NA28,John 9:37,εἶπεν αὐτῷ ὁ Ἰησοῦς· καὶ ἑώρακας αὐτὸν καὶ ὁ λαλῶν μετὰ σοῦ,ἐκεῖνός,ἐστιν.,ἐκεῖνος,Louw Nida 92.30,εκει,pronoun,—
NA28,John 10:1,"Ἀμὴν ἀμὴν λέγω ὑμῖν, ὁ μὴ εἰσερχόμενος διὰ τῆς θύρας εἰς τὴν αὐλὴν τῶν προβάτων ἀλλʼ ἀναβαίνων ἀλλαχόθεν",ἐκεῖνος,κλέπτης ἐστὶν καὶ λῃστής·,ἐκεῖνος,Louw Nida 92.30,εκει,pronoun,—
NA28,John 10:6,"Ταύτην τὴν παροιμίαν εἶπεν αὐτοῖς ὁ Ἰησοῦς,",ἐκεῖνοι,δὲ οὐκ ἔγνωσαν τίνα ἦν ἃ ἐλάλει αὐτοῖς.,ἐκεῖνος,Louw Nida 92.30,εκει,pronoun,—
NA28,John 10:35,εἰ,ἐκείνους,"εἶπεν θεοὺς πρὸς οὓς ὁ λόγος τοῦ θεοῦ ἐγένετο, καὶ οὐ δύναται λυθῆναι ἡ γραφή,",ἐκεῖνος,Louw Nida 92.30,εκει,pronoun,—
NA28,John 11:13,"εἰρήκει δὲ ὁ Ἰησοῦς περὶ τοῦ θανάτου αὐτοῦ,",ἐκεῖνοι,δὲ ἔδοξαν ὅτι περὶ τῆς κοιμήσεως τοῦ ὕπνου λέγει.,ἐκεῖνος,Louw Nida 92.30,εκει,pronoun,—
NA28,John 11:29,—,ἐκείνη,δὲ ὡς ἤκουσεν ἠγέρθη ταχὺ καὶ ἤρχετο πρὸς αὐτόν.,ἐκεῖνος,Louw Nida 92.30,εκει,pronoun,—
NA28,John 11:49,"εἷς δέ τις ἐξ αὐτῶν Καϊάφας, ἀρχιερεὺς ὢν τοῦ ἐνιαυτοῦ",ἐκείνου,", εἶπεν αὐτοῖς· ὑμεῖς οὐκ οἴδατε οὐδέν,",ἐκεῖνος,Louw Nida 92.30,εκει,pronoun,—
NA28,John 11:51,"τοῦτο δὲ ἀφʼ ἑαυτοῦ οὐκ εἶπεν, ἀλλʼ ἀρχιερεὺς ὢν τοῦ ἐνιαυτοῦ",ἐκείνου,"ἐπροφήτευσεν ὅτι ἔμελλεν Ἰησοῦς ἀποθνῄσκειν ὑπὲρ τοῦ ἔθνους,",ἐκεῖνος,Louw Nida 92.30,εκει,pronoun,—
NA28,John 11:53,ἀπʼ,ἐκείνης,οὖν τῆς ἡμέρας ἐβουλεύσαντο ἵνα ἀποκτείνωσιν αὐτόν.,ἐκεῖνος,Louw Nida 92.30,εκει,pronoun,—
NA28,John 12:48,ὁ ἀθετῶν ἐμὲ καὶ μὴ λαμβάνων τὰ ῥήματά μου ἔχει τὸν κρίνοντα αὐτόν· ὁ λόγος ὃν ἐλάλησα,ἐκεῖνος,κρινεῖ αὐτὸν ἐν τῇ ἐσχάτῃ ἡμέρᾳ.,ἐκεῖνος,Louw Nida 92.30,εκει,pronoun,—
NA28,John 13:25,ἀναπεσὼν οὖν,ἐκεῖνος,"οὕτως ἐπὶ τὸ στῆθος τοῦ Ἰησοῦ λέγει αὐτῷ· κύριε, τίς ἐστιν;",ἐκεῖνος,Louw Nida 92.30,εκει,pronoun,—
NA28,John 13:26,ἀποκρίνεται [ὁ] Ἰησοῦς·,ἐκεῖνός,ἐστιν ᾧ *ἐγὼ βάψω τὸ ψωμίον καὶ δώσω αὐτῷ. βάψας οὖν τὸ ψωμίον,ἐκεῖνος,Louw Nida 92.30,εκει,pronoun,—
NA28,John 13:27,καὶ μετὰ τὸ ψωμίον τότε εἰσῆλθεν εἰς,ἐκεῖνον,ὁ σατανᾶς.  λέγει οὖν αὐτῷ ὁ Ἰησοῦς· ὃ ποιεῖς ποίησον τάχιον.,ἐκεῖνος,Louw Nida 92.30,εκει,pronoun,—
NA28,John 13:30,λαβὼν οὖν τὸ ψωμίον,ἐκεῖνος,ἐξῆλθεν εὐθύς. ἦν δὲ νύξ.,ἐκεῖνος,Louw Nida 92.30,εκει,pronoun,—
NA28,John 14:20,ἐν,ἐκείνῃ,τῇ ἡμέρᾳ γνώσεσθε ὑμεῖς ὅτι ἐγὼ ἐν τῷ πατρί μου καὶ ὑμεῖς ἐν ἐμοὶ κἀγὼ ἐν ὑμῖν.,ἐκεῖνος,Louw Nida 92.30,εκει,pronoun,—
NA28,John 14:21,ὁ ἔχων τὰς ἐντολάς μου καὶ τηρῶν αὐτὰς,ἐκεῖνός,ἐστιν ὁ ἀγαπῶν με· ὁ δὲ ἀγαπῶν με ἀγαπηθήσεται ὑπὸ τοῦ πατρός μου,ἐκεῖνος,Louw Nida 92.30,εκει,pronoun,—
NA28,John 14:26,"ὁ δὲ παράκλητος, τὸ πνεῦμα τὸ ἅγιον, ὃ πέμψει  ὁ πατὴρ ἐν τῷ ὀνόματί μου,",ἐκεῖνος,ὑμᾶς διδάξει πάντα καὶ ὑπομνήσει ὑμᾶς πάντα ἃ εἶπον ὑμῖν [ἐγώ].,ἐκεῖνος,Louw Nida 92.30,εκει,pronoun,—
NA28,John 15:26,"παρὰ τοῦ πατρός, τὸ πνεῦμα τῆς ἀληθείας ὃ παρὰ τοῦ πατρὸς ἐκπορεύεται,",ἐκεῖνος,μαρτυρήσει περὶ ἐμοῦ·,ἐκεῖνος,Louw Nida 92.30,εκει,pronoun,—
NA28,John 16:8,Καὶ ἐλθὼν,ἐκεῖνος,ἐλέγξει τὸν κόσμον περὶ ἁμαρτίας καὶ περὶ δικαιοσύνης καὶ περὶ κρίσεως·,ἐκεῖνος,Louw Nida 92.30,εκει,pronoun,—
NA28,John 16:13,ὅταν δὲ ἔλθῃ,ἐκεῖνος,", τὸ πνεῦμα τῆς ἀληθείας, ὁδηγήσει ὑμᾶς ἐν τῇ ἀληθείᾳ πάσῃ· οὐ γὰρ λαλήσει",ἐκεῖνος,Louw Nida 92.30,εκει,pronoun,—
NA28,John 16:14,—,ἐκεῖνος,"ἐμὲ δοξάσει, ὅτι ἐκ τοῦ ἐμοῦ λήμψεται καὶ ἀναγγελεῖ ὑμῖν.",ἐκεῖνος,Louw Nida 92.30,εκει,pronoun,—
NA28,John 16:23,Καὶ ἐν,ἐκείνῃ,"τῇ ἡμέρᾳ ἐμὲ οὐκ ἐρωτήσετε οὐδέν.  ἀμὴν ἀμὴν λέγω ὑμῖν, ἄν τι αἰτήσητε",ἐκεῖνος,Louw Nida 92.30,εκει,pronoun,—
NA28,John 16:26,ἐν,ἐκείνῃ,"τῇ ἡμέρᾳ ἐν τῷ ὀνόματί μου αἰτήσεσθε, καὶ οὐ λέγω ὑμῖν ὅτι ἐγὼ",ἐκεῖνος,Louw Nida 92.30,εκει,pronoun,—
NA28,John 18:13,"καὶ ἤγαγον πρὸς Ἅνναν πρῶτον· ἦν γὰρ πενθερὸς τοῦ Καϊάφα, ὃς ἦν ἀρχιερεὺς τοῦ ἐνιαυτοῦ",ἐκείνου,·,ἐκεῖνος,Louw Nida 92.30,εκει,pronoun,—
NA28,John 18:15,Ἠκολούθει δὲ τῷ Ἰησοῦ Σίμων Πέτρος καὶ  ἄλλος μαθητής. ὁ δὲ μαθητὴς,ἐκεῖνος,"ἦν γνωστὸς τῷ ἀρχιερεῖ καὶ συνεισῆλθεν τῷ Ἰησοῦ εἰς τὴν αὐλὴν τοῦ ἀρχιερέως,",ἐκεῖνος,Louw Nida 92.30,εκει,pronoun,—
NA28,John 18:17,θυρωρός· μὴ καὶ σὺ ἐκ τῶν μαθητῶν εἶ τοῦ ἀνθρώπου τούτου; λέγει,ἐκεῖνος,· οὐκ εἰμί.,ἐκεῖνος,Louw Nida 92.30,εκει,pronoun,—
NA28,John 18:25,εἶπον οὖν αὐτῷ· μὴ καὶ σὺ ἐκ τῶν μαθητῶν αὐτοῦ εἶ; ἠρνήσατο,ἐκεῖνος,καὶ εἶπεν· οὐκ εἰμί.,ἐκεῖνος,Louw Nida 92.30,εκει,pronoun,—
NA28,John 19:15,ἐκραύγασαν οὖν,ἐκεῖνοι,"· ἆρον ἆρον, σταύρωσον αὐτόν.  λέγει αὐτοῖς ὁ Πιλᾶτος· τὸν βασιλέα ὑμῶν σταυρώσω; ἀπεκρίθησαν",ἐκεῖνος,Louw Nida 92.30,εκει,pronoun,—
NA28,John 19:21,"ἔλεγον οὖν τῷ Πιλάτῳ οἱ ἀρχιερεῖς τῶν Ἰουδαίων· μὴ γράφε· ὁ βασιλεὺς τῶν Ἰουδαίων, ἀλλʼ ὅτι",ἐκεῖνος,εἶπεν· βασιλεύς εἰμι τῶν Ἰουδαίων.,ἐκεῖνος,Louw Nida 92.30,εκει,pronoun,—
NA28,John 19:27,εἶτα λέγει τῷ μαθητῇ· ἴδε ἡ μήτηρ σου. καὶ ἀπʼ,ἐκείνης,τῆς ὥρας ἔλαβεν ὁ μαθητὴς αὐτὴν εἰς τὰ ἴδια.,ἐκεῖνος,Louw Nida 92.30,εκει,pronoun,—
NA28,John 19:31,"τοῦ σταυροῦ τὰ σώματα ἐν τῷ σαββάτῳ, ἦν γὰρ μεγάλη ἡ ἡμέρα",ἐκείνου,"τοῦ σαββάτου, ἠρώτησαν τὸν Πιλᾶτον ἵνα κατεαγῶσιν αὐτῶν τὰ σκέλη καὶ ἀρθῶσιν.",ἐκεῖνος,Louw Nida 92.30,εκει,pronoun,—
NA28,John 19:35,"καὶ ὁ ἑωρακὼς μεμαρτύρηκεν, καὶ ἀληθινὴ αὐτοῦ ἐστιν ἡ μαρτυρία, καὶ",ἐκεῖνος,"οἶδεν ὅτι ἀληθῆ λέγει, ἵνα καὶ ὑμεῖς πιστεύσητε.",ἐκεῖνος,Louw Nida 92.30,εκει,pronoun,—
NA28,John 20:13,καὶ λέγουσιν αὐτῇ,ἐκεῖνοι,"· γύναι, τί κλαίεις;  λέγει αὐτοῖς ὅτι ἦραν τὸν κύριόν μου, καὶ οὐκ οἶδα ποῦ ἔθηκαν αὐτόν.",ἐκεῖνος,Louw Nida 92.30,εκει,pronoun,—
NA28,John 20:15,"λέγει αὐτῇ  Ἰησοῦς· γύναι, τί κλαίεις; τίνα ζητεῖς;",ἐκείνη,"δοκοῦσα ὅτι ὁ κηπουρός ἐστιν λέγει αὐτῷ· κύριε, εἰ σὺ ἐβάστασας αὐτόν, εἰπέ",ἐκεῖνος,Louw Nida 92.30,εκει,pronoun,—
NA28,John 20:16,λέγει αὐτῇ  Ἰησοῦς· Μαριάμ. στραφεῖσα,ἐκείνη,"λέγει αὐτῷ Ἑβραϊστί· ραββουνι, ὃ λέγεται  διδάσκαλε .",ἐκεῖνος,Louw Nida 92.30,εκει,pronoun,—
NA28,John 20:19,Οὔσης οὖν ὀψίας τῇ ἡμέρᾳ,ἐκείνῃ,τῇ μιᾷ σαββάτων καὶ τῶν θυρῶν κεκλεισμένων ὅπου ἦσαν οἱ μαθηταὶ  διὰ τὸν,ἐκεῖνος,Louw Nida 92.30,εκει,pronoun,—
NA28,John 21:3,"καὶ ἡμεῖς σὺν σοί. ἐξῆλθον καὶ ἐνέβησαν εἰς τὸ πλοῖον , καὶ ἐν",ἐκείνῃ,τῇ νυκτὶ ἐπίασαν οὐδέν.,ἐκεῖνος,Louw Nida 92.30,εκει,pronoun,—
NA28,John 21:7,λέγει οὖν ὁ μαθητὴς,ἐκεῖνος,ὃν ἠγάπα ὁ Ἰησοῦς τῷ Πέτρῳ· ὁ κύριός ἐστιν. Σίμων οὖν Πέτρος ἀκούσας,ἐκεῖνος,Louw Nida 92.30,εκει,pronoun,—
NA28,John 21:23,ἐξῆλθεν οὖν οὗτος ὁ λόγος εἰς τοὺς ἀδελφοὺς  ὅτι ὁ μαθητὴς,ἐκεῖνος,οὐκ ἀποθνῄσκει· οὐκ εἶπεν δὲ αὐτῷ ὁ Ἰησοῦς ὅτι οὐκ ἀποθνῄσκει ἀλλʹ· ἐὰν,ἐκεῖνος,Louw Nida 92.30,εκει,pronoun,—
NA28,Acts 1:19,"καὶ γνωστὸν ἐγένετο πᾶσιν τοῖς κατοικοῦσιν Ἰερουσαλήμ, ὥστε κληθῆναι τὸ χωρίον",ἐκεῖνο,"τῇ ἰδίᾳ διαλέκτῳ αὐτῶν Ἁκελδαμάχ, τοῦτʼ ἔστιν χωρίον αἵματος.",ἐκεῖνος,Louw Nida 92.30,εκει,pronoun,—
NA28,Acts 2:18,καί γε ἐπὶ τοὺς δούλους μου καὶ ἐπὶ τὰς δούλας μου ἐν ταῖς ἡμέραις,ἐκείναις,"ἐκχεῶ ἀπὸ τοῦ πνεύματός μου, καὶ προφητεύσουσιν.",ἐκεῖνος,Louw Nida 92.30,εκει,pronoun,—
NA28,Acts 2:41,οἱ μὲν οὖν ἀποδεξάμενοι τὸν λόγον αὐτοῦ ἐβαπτίσθησαν καὶ προσετέθησαν ἐν τῇ ἡμέρᾳ,ἐκείνῃ,ψυχαὶ ὡσεὶ τρισχίλιαι.,ἐκεῖνος,Louw Nida 92.30,εκει,pronoun,—
NA28,Acts 3:13,"αὐτοῦ Ἰησοῦν ὃν ὑμεῖς μὲν παρεδώκατε  καὶ ἠρνήσασθε κατὰ πρόσωπον Πιλάτου, κρίναντος",ἐκείνου,ἀπολύειν·,ἐκεῖνος,Louw Nida 92.30,εκει,pronoun,—
NA28,Acts 3:23,ἔσται δὲ πᾶσα ψυχὴ ἥτις ἐὰν μὴ ἀκούσῃ τοῦ προφήτου,ἐκείνου,ἐξολεθρευθήσεται ἐκ τοῦ λαοῦ.,ἐκεῖνος,Louw Nida 92.30,εκει,pronoun,—
NA28,Acts 7:41,καὶ ἐμοσχοποίησαν ἐν ταῖς ἡμέραις,ἐκείναις,καὶ ἀνήγαγον θυσίαν τῷ εἰδώλῳ καὶ εὐφραίνοντο ἐν τοῖς ἔργοις τῶν χειρῶν αὐτῶν.,ἐκεῖνος,Louw Nida 92.30,εκει,pronoun,—
NA28,Acts 8:1,Σαῦλος δὲ ἦν συνευδοκῶν τῇ ἀναιρέσει αὐτοῦ.  Ἐγένετο δὲ ἐν,ἐκείνῃ,"τῇ ἡμέρᾳ διωγμὸς μέγας  ἐπὶ τὴν ἐκκλησίαν τὴν ἐν Ἱεροσολύμοις, πάντες δὲ διεσπάρησαν",ἐκεῖνος,Louw Nida 92.30,εκει,pronoun,—
NA28,Acts 8:8,ἐγένετο δὲ πολλὴ χαρὰ ἐν τῇ πόλει,ἐκείνῃ,.,ἐκεῖνος,Louw Nida 92.30,εκει,pronoun,—
NA28,Acts 9:37,ἐγένετο δὲ ἐν ταῖς ἡμέραις,ἐκείναις,ἀσθενήσασαν αὐτὴν ἀποθανεῖν· λούσαντες δὲ ἔθηκαν [αὐτὴν] ἐν  ὑπερῴῳ.,ἐκεῖνος,Louw Nida 92.30,εκει,pronoun,—
NA28,Acts 10:9,"Τῇ δὲ ἐπαύριον, ὁδοιπορούντων",ἐκείνων,"καὶ τῇ πόλει ἐγγιζόντων, ἀνέβη Πέτρος ἐπὶ τὸ δῶμα προσεύξασθαι περὶ ὥραν ἕκτην.",ἐκεῖνος,Louw Nida 92.30,εκει,pronoun,—
NA28,Acts 12:1,Κατʼ,ἐκεῖνον,δὲ τὸν καιρὸν ἐπέβαλεν Ἡρῴδης ὁ βασιλεὺς τὰς χεῖρας κακῶσαί τινας τῶν ἀπὸ τῆς ἐκκλησίας.,ἐκεῖνος,Louw Nida 92.30,εκει,pronoun,—
NA28,Acts 12:6,"Ὅτε δὲ ἤμελλεν προαγαγεῖν αὐτὸν ὁ Ἡρῴδης, τῇ νυκτὶ",ἐκείνῃ,ἦν ὁ Πέτρος κοιμώμενος μεταξὺ δύο στρατιωτῶν δεδεμένος ἁλύσεσιν δυσὶν φύλακές τε πρὸ,ἐκεῖνος,Louw Nida 92.30,εκει,pronoun,—
NA28,Acts 14:21,εὐαγγελισάμενοί τε τὴν πόλιν,ἐκείνην,καὶ μαθητεύσαντες ἱκανοὺς ὑπέστρεψαν εἰς τὴν Λύστραν καὶ εἰς Ἰκόνιον καὶ εἰς Ἀντιόχειαν,ἐκεῖνος,Louw Nida 92.30,εκει,pronoun,—
NA28,Acts 16:3,καὶ λαβὼν περιέτεμεν αὐτὸν διὰ τοὺς Ἰουδαίους τοὺς ὄντας ἐν τοῖς τόποις,ἐκείνοις,·  ᾔδεισαν γὰρ ἅπαντες ὅτι Ἕλλην ὁ πατὴρ αὐτοῦ ὑπῆρχεν.,ἐκεῖνος,Louw Nida 92.30,εκει,pronoun,—
NA28,Acts 16:33,καὶ παραλαβὼν αὐτοὺς ἐν,ἐκείνῃ,"τῇ ὥρᾳ τῆς νυκτὸς ἔλουσεν ἀπὸ τῶν πληγῶν, καὶ ἐβαπτίσθη αὐτὸς καὶ οἱ αὐτοῦ πάντες παραχρῆμα,",ἐκεῖνος,Louw Nida 92.30,εκει,pronoun,—
NA28,Acts 16:35,Ἡμέρας δὲ γενομένης ἀπέστειλαν οἱ στρατηγοὶ τοὺς ῥαβδούχους λέγοντες· ἀπόλυσον τοὺς ἀνθρώπους,ἐκείνους,.,ἐκεῖνος,Louw Nida 92.30,εκει,pronoun,—
NA28,Acts 19:16,ἀμφοτέρων ἴσχυσεν κατʼ αὐτῶν ὥστε γυμνοὺς καὶ τετραυματισμένους ἐκφυγεῖν ἐκ τοῦ οἴκου,ἐκείνου,.,ἐκεῖνος,Louw Nida 92.30,εκει,pronoun,—
NA28,Acts 19:23,Ἐγένετο δὲ κατὰ τὸν καιρὸν,ἐκεῖνον,τάραχος οὐκ ὀλίγος περὶ τῆς ὁδοῦ.,ἐκεῖνος,Louw Nida 92.30,εκει,pronoun,—
NA28,Acts 20:2,διελθὼν δὲ  τὰ μέρη,ἐκεῖνα,καὶ παρακαλέσας αὐτοὺς λόγῳ πολλῷ ἦλθεν εἰς τὴν Ἑλλάδα,ἐκεῖνος,Louw Nida 92.30,εκει,pronoun,—
NA28,Acts 21:6,"ἀπησπασάμεθα ἀλλήλους καὶ ἀνέβημεν εἰς τὸ πλοῖον,",ἐκεῖνοι,δὲ ὑπέστρεψαν εἰς τὰ ἴδια.,ἐκεῖνος,Louw Nida 92.30,εκει,pronoun,—
NA28,Acts 22:11,ὡς δὲ οὐκ ἐνέβλεπον ἀπὸ τῆς δόξης τοῦ φωτὸς,ἐκείνου,", χειραγωγούμενος ὑπὸ τῶν συνόντων μοι ἦλθον εἰς Δαμασκόν.",ἐκεῖνος,Louw Nida 92.30,εκει,pronoun,—
NA28,Acts 28:7,Ἐν δὲ τοῖς περὶ τὸν τόπον,ἐκεῖνον,"ὑπῆρχεν χωρία τῷ πρώτῳ τῆς νήσου ὀνόματι Ποπλίῳ, ὃς ἀναδεξάμενος ἡμᾶς τρεῖς ἡμέρας φιλοφρόνως ἐξένισεν.",ἐκεῖνος,Louw Nida 92.30,εκει,pronoun,—
NA28,Romans 6:21,"τίνα οὖν καρπὸν εἴχετε τότε; ἐφʼ οἷς νῦν ἐπαισχύνεσθε, τὸ  γὰρ τέλος",ἐκείνων,θάνατος.,ἐκεῖνος,Louw Nida 92.30,εκει,pronoun,—
NA28,Romans 14:14,"οἶδα καὶ πέπεισμαι ἐν κυρίῳ Ἰησοῦ ὅτι οὐδὲν κοινὸν διʼ ἑαυτοῦ, εἰ μὴ τῷ λογιζομένῳ τι κοινὸν εἶναι,",ἐκείνῳ,κοινόν.,ἐκεῖνος,Louw Nida 92.30,εκει,pronoun,—
NA28,Romans 14:15,"εἰ γὰρ διὰ βρῶμα ὁ ἀδελφός σου λυπεῖται, οὐκέτι κατὰ ἀγάπην περιπατεῖς· μὴ τῷ βρώματί σου",ἐκεῖνον,ἀπόλλυε ὑπὲρ οὗ Χριστὸς ἀπέθανεν.,ἐκεῖνος,Louw Nida 92.30,εκει,pronoun,—
NA28,1 Corinthians 9:25,"πᾶς δὲ ὁ ἀγωνιζόμενος πάντα ἐγκρατεύεται,",ἐκεῖνοι,"μὲν οὖν ἵνα φθαρτὸν στέφανον λάβωσιν, ἡμεῖς δὲ ἄφθαρτον.",ἐκεῖνος,Louw Nida 92.30,εκει,pronoun,—
NA28,1 Corinthians 10:11,ταῦτα δὲ τυπικῶς συνέβαινεν,ἐκείνοις,", ἐγράφη δὲ πρὸς νουθεσίαν ἡμῶν, εἰς οὓς τὰ τέλη τῶν αἰώνων κατήντηκεν.",ἐκεῖνος,Louw Nida 92.30,εκει,pronoun,—
NA28,1 Corinthians 10:28,"ἐὰν δέ τις ὑμῖν εἴπῃ· τοῦτο ἱερόθυτόν ἐστιν, μὴ ἐσθίετε διʼ",ἐκεῖνον,τὸν μηνύσαντα καὶ τὴν συνείδησιν·,ἐκεῖνος,Louw Nida 92.30,εκει,pronoun,—
NA28,1 Corinthians 15:11,εἴτε οὖν ἐγὼ εἴτε,ἐκεῖνοι,", οὕτως κηρύσσομεν καὶ οὕτως ἐπιστεύσατε.",ἐκεῖνος,Louw Nida 92.30,εκει,pronoun,—
NA28,2 Corinthians 7:8,"Ὅτι εἰ καὶ ἐλύπησα ὑμᾶς ἐν τῇ ἐπιστολῇ, οὐ μεταμέλομαι· εἰ  καὶ μετεμελόμην, βλέπω [γὰρ] ὅτι ἡ ἐπιστολὴ",ἐκείνη,"εἰ καὶ πρὸς ὥραν ἐλύπησεν ὑμᾶς,",ἐκεῖνος,Louw Nida 92.30,εκει,pronoun,—
NA28,2 Corinthians 8:9,"γινώσκετε γὰρ τὴν χάριν τοῦ κυρίου ἡμῶν Ἰησοῦ Χριστοῦ, ὅτι διʼ ὑμᾶς ἐπτώχευσεν πλούσιος ὤν, ἵνα ὑμεῖς τῇ",ἐκείνου,πτωχείᾳ πλουτήσητε.,ἐκεῖνος,Louw Nida 92.30,εκει,pronoun,—
NA28,2 Corinthians 8:14,ἐν τῷ νῦν καιρῷ τὸ ὑμῶν περίσσευμα εἰς τὸ,ἐκείνων,"ὑστέρημα, ἵνα καὶ τὸ ἐκείνων περίσσευμα γένηται εἰς τὸ ὑμῶν ὑστέρημα, ὅπως γένηται ἰσότης,",ἐκεῖνος,Louw Nida 92.30,εκει,pronoun,—
NA28,2 Corinthians 8:14,"ἐν τῷ νῦν καιρῷ τὸ ὑμῶν περίσσευμα εἰς τὸ ἐκείνων ὑστέρημα, ἵνα καὶ τὸ",ἐκείνων,"περίσσευμα γένηται εἰς τὸ ὑμῶν ὑστέρημα, ὅπως γένηται ἰσότης,",ἐκεῖνος,Louw Nida 92.30,εκει,pronoun,—
NA28,2 Corinthians 10:18,"οὐ γὰρ ὁ ἑαυτὸν συνιστάνων,",ἐκεῖνός,"ἐστιν δόκιμος, ἀλλʼ ὃν ὁ κύριος συνίστησιν.",ἐκεῖνος,Louw Nida 92.30,εκει,pronoun,—
NA28,Ephesians 2:12,ὅτι ἦτε τῷ καιρῷ,ἐκείνῳ,"χωρὶς Χριστοῦ, ἀπηλλοτριωμένοι τῆς πολιτείας τοῦ Ἰσραὴλ καὶ ξένοι τῶν διαθηκῶν τῆς ἐπαγγελίας",ἐκεῖνος,Louw Nida 92.30,εκει,pronoun,—
NA28,2 Thessalonians 1:10,"τοῖς πιστεύσασιν, ὅτι ἐπιστεύθη τὸ μαρτύριον ἡμῶν ἐφʼ ὑμᾶς, ἐν τῇ ἡμέρᾳ",ἐκείνῃ,.,ἐκεῖνος,Louw Nida 92.30,εκει,pronoun,—
NA28,2 Timothy 1:12,ᾧ πεπίστευκα καὶ πέπεισμαι ὅτι δυνατός ἐστιν τὴν παραθήκην μου φυλάξαι εἰς,ἐκείνην,τὴν ἡμέραν.,ἐκεῖνος,Louw Nida 92.30,εκει,pronoun,—
NA28,2 Timothy 1:18,δῴη αὐτῷ ὁ κύριος εὑρεῖν ἔλεος παρὰ κυρίου ἐν,ἐκείνῃ,"τῇ ἡμέρᾳ. καὶ ὅσα ἐν Ἐφέσῳ διηκόνησεν, βέλτιον σὺ γινώσκεις.",ἐκεῖνος,Louw Nida 92.30,εκει,pronoun,—
NA28,2 Timothy 2:13,"εἰ ἀπιστοῦμεν,",ἐκεῖνος,"πιστὸς μένει,        ἀρνήσασθαι γὰρ ἑαυτὸν οὐ δύναται.",ἐκεῖνος,Louw Nida 92.30,εκει,pronoun,—
NA28,2 Timothy 2:26,"καὶ ἀνανήψωσιν ἐκ τῆς τοῦ διαβόλου παγίδος, ἐζωγρημένοι ὑπʼ αὐτοῦ εἰς τὸ",ἐκείνου,θέλημα.,ἐκεῖνος,Louw Nida 92.30,εκει,pronoun,—
NA28,2 Timothy 3:9,"ἀλλʼ οὐ προκόψουσιν ἐπὶ πλεῖον· ἡ γὰρ ἄνοια αὐτῶν ἔκδηλος ἔσται πᾶσιν, ὡς καὶ ἡ",ἐκείνων,ἐγένετο.,ἐκεῖνος,Louw Nida 92.30,εκει,pronoun,—
NA28,2 Timothy 4:8,"λοιπὸν ἀπόκειταί μοι ὁ τῆς δικαιοσύνης στέφανος, ὃν ἀποδώσει μοι ὁ κύριος ἐν",ἐκείνῃ,"τῇ ἡμέρᾳ, ὁ δίκαιος κριτής, οὐ μόνον δὲ ἐμοὶ ἀλλὰ καὶ πᾶσιν τοῖς ἠγαπηκόσιν τὴν ἐπιφάνειαν αὐτοῦ.",ἐκεῖνος,Louw Nida 92.30,εκει,pronoun,—
NA28,Titus 3:7,ἵνα δικαιωθέντες τῇ,ἐκείνου,χάριτι      κληρονόμοι γενηθῶμεν κατʼ ἐλπίδα ζωῆς αἰωνίου.,ἐκεῖνος,Louw Nida 92.30,εκει,pronoun,—
NA28,Hebrews 4:2,καὶ γάρ ἐσμεν εὐηγγελισμένοι καθάπερ κἀκεῖνοι· ἀλλʼ οὐκ ὠφέλησεν ὁ λόγος τῆς ἀκοῆς,ἐκείνους,μὴ συγκεκερασμένους τῇ πίστει τοῖς ἀκούσασιν.,ἐκεῖνος,Louw Nida 92.30,εκει,pronoun,—
NA28,Hebrews 4:11,Σπουδάσωμεν οὖν εἰσελθεῖν εἰς,ἐκείνην,"τὴν κατάπαυσιν, ἵνα μὴ ἐν τῷ αὐτῷ τις ὑποδείγματι πέσῃ τῆς ἀπειθείας.",ἐκεῖνος,Louw Nida 92.30,εκει,pronoun,—
NA28,Hebrews 6:7,γῆ γὰρ ἡ πιοῦσα τὸν ἐπʼ αὐτῆς ἐρχόμενον πολλάκις ὑετὸν καὶ τίκτουσα βοτάνην εὔθετον,ἐκείνοις,"διʼ οὓς καὶ γεωργεῖται, μεταλαμβάνει εὐλογίας ἀπὸ τοῦ θεοῦ·",ἐκεῖνος,Louw Nida 92.30,εκει,pronoun,—
NA28,Hebrews 8:7,Εἰ γὰρ ἡ πρώτη,ἐκείνη,"ἦν ἄμεμπτος, οὐκ ἂν δευτέρας ἐζητεῖτο τόπος.",ἐκεῖνος,Louw Nida 92.30,εκει,pronoun,—
NA28,Hebrews 8:10,"ὅτι αὕτη ἡ διαθήκη , ἣν διαθήσομαι τῷ οἴκῳ Ἰσραὴλ        μετὰ τὰς ἡμέρας",ἐκείνας,", λέγει κύριος·      διδοὺς νόμους μου εἰς τὴν διάνοιαν αὐτῶν        καὶ ἐπὶ καρδίας αὐτῶν",ἐκεῖνος,Louw Nida 92.30,εκει,pronoun,—
NA28,Hebrews 10:16,αὕτη  ἡ διαθήκη ἣν διαθήσομαι πρὸς αὐτοὺς        μετὰ τὰς ἡμέρας,ἐκείνας,", λέγει κύριος·      διδοὺς νόμους μου ἐπὶ καρδίας αὐτῶν        καὶ ἐπὶ τὴν διάνοιαν αὐτῶν ἐπιγράψω αὐτούς,",ἐκεῖνος,Louw Nida 92.30,εκει,pronoun,—
NA28,Hebrews 11:15,καὶ εἰ μὲν,ἐκείνης,"ἐμνημόνευον ἀφʼ ἧς ἐξέβησαν, εἶχον ἂν καιρὸν ἀνακάμψαι·",ἐκεῖνος,Louw Nida 92.30,εκει,pronoun,—
NA28,Hebrews 12:25,Βλέπετε μὴ παραιτήσησθε τὸν λαλοῦντα· εἰ γὰρ,ἐκεῖνοι,"οὐκ ἐξέφυγον ἐπὶ γῆς παραιτησάμενοι τὸν χρηματίζοντα, πολὺ μᾶλλον ἡμεῖς οἱ τὸν ἀπʼ οὐρανῶν ἀποστρεφόμενοι,",ἐκεῖνος,Louw Nida 92.30,εκει,pronoun,—
NA28,James 1:7,μὴ γὰρ οἰέσθω ὁ ἄνθρωπος,ἐκεῖνος,"ὅτι λήμψεταί τι παρὰ τοῦ κυρίου,",ἐκεῖνος,Louw Nida 92.30,εκει,pronoun,—
NA28,James 4:15,ἀντὶ τοῦ λέγειν ὑμᾶς· ἐὰν ὁ κύριος θελήσῃ καὶ ζήσομεν καὶ ποιήσομεν τοῦτο ἢ,ἐκεῖνο,.,ἐκεῖνος,Louw Nida 92.30,εκει,pronoun,—
NA28,2 Peter 1:16,τοῦ κυρίου ἡμῶν Ἰησοῦ Χριστοῦ δύναμιν καὶ παρουσίαν ἀλλʼ ἐπόπται γενηθέντες τῆς,ἐκείνου,μεγαλειότητος.,ἐκεῖνος,Louw Nida 92.30,εκει,pronoun,—
NA28,1 John 2:6,"ὁ λέγων ἐν αὐτῷ μένειν ὀφείλει, καθὼς",ἐκεῖνος,"περιεπάτησεν, καὶ αὐτὸς οὕτως περιπατεῖν.  Ἀγαπητοί,",ἐκεῖνος,Louw Nida 92.30,εκει,pronoun,—
NA28,1 John 3:3,"καὶ πᾶς ὁ ἔχων τὴν ἐλπίδα ταύτην ἐπʼ αὐτῷ ἁγνίζει ἑαυτόν, καθὼς",ἐκεῖνος,ἁγνός ἐστιν.,ἐκεῖνος,Louw Nida 92.30,εκει,pronoun,—
NA28,1 John 3:5,καὶ οἴδατε ὅτι,ἐκεῖνος,"ἐφανερώθη, ἵνα τὰς ἁμαρτίας  ἄρῃ, καὶ ἁμαρτία ἐν αὐτῷ οὐκ ἔστιν.",ἐκεῖνος,Louw Nida 92.30,εκει,pronoun,—
NA28,1 John 3:7,"Παιδία, μηδεὶς πλανάτω ὑμᾶς· ὁ ποιῶν τὴν δικαιοσύνην δίκαιός ἐστιν, καθὼς",ἐκεῖνος,δίκαιός ἐστιν·,ἐκεῖνος,Louw Nida 92.30,εκει,pronoun,—
NA28,1 John 3:16,"ἐν τούτῳ ἐγνώκαμεν τὴν ἀγάπην, ὅτι",ἐκεῖνος,"ὑπὲρ ἡμῶν τὴν ψυχὴν αὐτοῦ ἔθηκεν, καὶ ἡμεῖς ὀφείλομεν ὑπὲρ τῶν ἀδελφῶν τὰς ψυχὰς θεῖναι.",ἐκεῖνος,Louw Nida 92.30,εκει,pronoun,—
NA28,1 John 4:17,"ἐν τούτῳ τετελείωται ἡ ἀγάπη μεθʼ ἡμῶν, ἵνα παρρησίαν ἔχωμεν ἐν τῇ ἡμέρᾳ τῆς κρίσεως, ὅτι καθὼς",ἐκεῖνός,"ἐστιν, καὶ ἡμεῖς ἐσμεν ἐν τῷ κόσμῳ τούτῳ.",ἐκεῖνος,Louw Nida 92.30,εκει,pronoun,—
NA28,1 John 5:16,"ζωήν, τοῖς ἁμαρτάνουσιν μὴ πρὸς θάνατον. ἔστιν ἁμαρτία πρὸς θάνατον· οὐ περὶ",ἐκείνης,λέγω ἵνα ἐρωτήσῃ.,ἐκεῖνος,Louw Nida 92.30,εκει,pronoun,—
NA28,Revelation 9:6,καὶ ἐν ταῖς ἡμέραις,ἐκείναις,"ζητήσουσιν οἱ ἄνθρωποι τὸν θάνατον καὶ οὐ μὴ εὑρήσουσιν αὐτόν, καὶ ἐπιθυμήσουσιν ἀποθανεῖν",ἐκεῖνος,Louw Nida 92.30,εκει,pronoun,—
NA28,Revelation 11:13,Καὶ ἐν,ἐκείνῃ,τῇ ὥρᾳ ἐγένετο σεισμὸς μέγας καὶ τὸ δέκατον τῆς πόλεως ἔπεσεν καὶ ἀπεκτάνθησαν,ἐκεῖνος,Louw Nida 92.30,εκει,pronoun,—
